08/26/2011 14:09:04,0-2121780,TRACK,43.22071,76.45216,"",""
08/26/2011 12:49:03,0-2121780,TRACK,43.36684,75.3275,"",""
08/26/2011 12:39:02,0-2121780,TRACK,43.36687,75.32746,"",""
08/26/2011 12:29:02,0-2121780,TRACK,43.36687,75.3275,"",""
08/26/2011 12:19:37,0-2121780,TRACK,43.36687,75.32748,"",""
08/26/2011 12:09:37,0-2121780,TRACK,43.36657,75.32757,"",""
08/26/2011 11:59:37,0-2121780,TRACK,43.37575,75.25127,"",""
08/26/2011 11:49:09,0-2121780,TRACK,43.4015,75.07481,"",""
08/26/2011 11:39:02,0-2121780,TRACK,43.32306,74.93571,"",""
08/26/2011 11:22:07,0-2121780,OK,43.13415,74.70692,"","Mudlab and Geekout are in! #mongolrally"
08/26/2011 11:00:38,0-2121780,TRACK,43.08681,74.70461,"",""
08/26/2011 10:50:40,0-2121780,TRACK,43.04559,74.7078,"",""
08/26/2011 10:41:07,0-2121780,TRACK,43.0255,74.70705,"",""
08/26/2011 10:30:42,0-2121780,TRACK,43.0255,74.70709,"",""
08/26/2011 10:20:44,0-2121780,TRACK,43.02529,74.70684,"",""
08/26/2011 10:10:45,0-2121780,TRACK,43.02549,74.70637,"",""
08/26/2011 10:00:39,0-2121780,TRACK,43.02542,74.70645,"",""
08/26/2011 09:52:07,0-2121780,TRACK,43.02538,74.70654,"",""
08/26/2011 09:41:05,0-2121780,TRACK,43.02525,74.7066,"",""
08/26/2011 09:30:49,0-2121780,TRACK,43.02523,74.7065,"",""
08/26/2011 09:21:25,0-2121780,TRACK,43.02496,74.70405,"",""
08/26/2011 09:06:28,0-2121780,OK,43.02423,74.70186,"","Fucking border is retarded :("
08/26/2011 08:53:22,0-2121780,TRACK,43.0242,74.70177,"",""
08/26/2011 08:43:22,0-2121780,TRACK,43.02259,74.70033,"",""
08/26/2011 08:33:22,0-2121780,TRACK,43.02262,74.70033,"",""
08/26/2011 08:23:22,0-2121780,TRACK,43.00309,74.6869,"",""
08/26/2011 08:13:22,0-2121780,TRACK,42.93498,74.63763,"",""
08/26/2011 08:03:22,0-2121780,TRACK,42.88494,74.61411,"",""
08/26/2011 07:34:02,0-2121780,TRACK,42.88111,74.57464,"",""
08/26/2011 07:24:02,0-2121780,TRACK,42.8772,74.57576,"",""
08/26/2011 07:13:22,0-2121780,TRACK,42.87467,74.52988,"",""
08/26/2011 07:03:22,0-2121780,TRACK,42.87338,74.45504,"",""
08/26/2011 06:53:22,0-2121780,TRACK,42.86329,74.32157,"",""
08/26/2011 06:43:23,0-2121780,TRACK,42.85337,74.20823,"",""
08/26/2011 06:33:23,0-2121780,TRACK,42.8338,74.09682,"",""
08/26/2011 06:23:37,0-2121780,TRACK,42.84159,73.98202,"",""
08/26/2011 06:13:24,0-2121780,TRACK,42.81282,73.88269,"",""
08/26/2011 06:03:21,0-2121780,TRACK,42.78058,73.88404,"",""
08/26/2011 05:39:07,0-2121780,OK,42.5674,73.87398,"","We're all suffering from the bum-wees."
08/26/2011 05:30:56,0-2121780,TRACK,42.55052,73.86185,"",""
08/26/2011 05:20:56,0-2121780,TRACK,42.47512,73.84099,"",""
08/26/2011 05:14:32,0-2121780,TRACK,42.42466,73.80119,"",""
08/26/2011 05:01:55,0-2121780,TRACK,42.38083,73.82463,"",""
08/26/2011 04:51:55,0-2121780,TRACK,42.38083,73.82463,"",""
08/26/2011 04:41:07,0-2121780,TRACK,42.30825,73.83048,"",""
08/26/2011 04:30:55,0-2121780,TRACK,42.25076,73.80716,"",""
08/26/2011 04:22:55,0-2121780,TRACK,42.2162,73.68477,"",""
08/26/2011 04:07:56,0-2121780,OK,42.20847,73.63393,"","Ramen for breakfast. Aiming for Almaty."
08/26/2011 04:06:07,0-2121780,TRACK,42.20847,73.63396,"",""
08/26/2011 03:55:50,0-2121780,TRACK,42.20848,73.63397,"",""
08/26/2011 03:45:45,0-2121780,TRACK,42.20848,73.63393,"",""
08/26/2011 03:35:44,0-2121780,TRACK,42.20845,73.63397,"",""
08/26/2011 03:25:43,0-2121780,TRACK,42.20847,73.63391,"",""
08/26/2011 03:15:44,0-2121780,TRACK,42.19103,73.55673,"",""
08/26/2011 03:05:43,0-2121780,TRACK,42.18756,73.40779,"",""
08/26/2011 02:55:43,0-2121780,TRACK,42.20687,73.24669,"",""
08/26/2011 02:45:43,0-2121780,TRACK,42.23326,73.09468,"",""
08/26/2011 02:25:44,0-2121780,TRACK,42.17268,72.95855,"",""
08/26/2011 02:15:45,0-2121780,TRACK,42.15234,72.83378,"",""
08/26/2011 01:55:44,0-2121780,TRACK,41.9836,72.86727,"",""
08/26/2011 01:45:44,0-2121780,TRACK,41.89344,72.90819,"",""
08/26/2011 01:37:01,0-2121780,TRACK,41.89221,72.91016,"",""
08/25/2011 14:57:03,0-2121780,TRACK,41.8747,72.96289,"",""
08/25/2011 14:46:44,0-2121780,TRACK,41.85669,73.0519,"",""
08/25/2011 14:36:43,0-2121780,TRACK,41.82895,73.17257,"",""
08/25/2011 14:26:42,0-2121780,TRACK,41.77747,73.2793,"",""
08/25/2011 14:16:43,0-2121780,TRACK,41.7678,73.17349,"",""
08/25/2011 14:06:43,0-2121780,TRACK,41.77342,73.04474,"",""
08/25/2011 13:56:44,0-2121780,TRACK,41.75223,72.92918,"",""
08/25/2011 13:46:45,0-2121780,TRACK,41.69792,72.9392,"",""
08/25/2011 13:36:44,0-2121780,TRACK,41.65727,72.83766,"",""
08/25/2011 13:26:42,0-2121780,TRACK,41.64522,72.72675,"",""
08/25/2011 13:16:42,0-2121780,TRACK,41.62701,72.67572,"",""
08/25/2011 13:06:42,0-2121780,TRACK,41.61344,72.61926,"",""
08/25/2011 12:56:43,0-2121780,TRACK,41.61307,72.61819,"",""
08/25/2011 12:46:43,0-2121780,TRACK,41.57458,72.53895,"",""
08/25/2011 12:37:07,0-2121780,TRACK,41.52737,72.46011,"",""
08/25/2011 12:26:43,0-2121780,TRACK,41.51152,72.42355,"",""
08/25/2011 12:16:43,0-2121780,TRACK,41.49766,72.34647,"",""
08/25/2011 12:06:41,0-2121780,TRACK,41.44731,72.26152,"",""
08/25/2011 11:56:44,0-2121780,TRACK,41.34937,72.23725,"",""
08/25/2011 11:46:42,0-2121780,TRACK,41.24089,72.21395,"",""
08/25/2011 11:36:42,0-2121780,TRACK,41.18199,72.18848,"",""
08/25/2011 11:26:42,0-2121780,TRACK,41.0593,72.20886,"",""
08/25/2011 11:18:14,0-2121780,TRACK,41.06992,72.34458,"",""
08/25/2011 11:07:02,0-2121780,TRACK,41.04083,72.45249,"",""
08/25/2011 10:56:54,0-2121780,TRACK,41.03488,72.55817,"",""
08/25/2011 10:46:41,0-2121780,TRACK,41.06482,72.67918,"",""
08/25/2011 10:37:38,0-2121780,TRACK,41.035,72.77423,"",""
08/25/2011 10:26:41,0-2121780,TRACK,40.94069,72.85583,"",""
08/25/2011 10:16:41,0-2121780,TRACK,40.89571,72.95608,"",""
08/25/2011 10:06:41,0-2121780,TRACK,40.86069,72.98423,"",""
08/25/2011 09:56:57,0-2121780,TRACK,40.86472,73.0617,"",""
08/25/2011 09:44:31,0-2121780,OK,40.82335,73.19111,"","2Bishkek on road that aren't on our maps!"
08/25/2011 09:35:06,0-2121780,TRACK,40.81551,73.30366,"",""
08/25/2011 09:25:06,0-2121780,TRACK,40.7689,73.32589,"",""
08/25/2011 09:14:35,0-2121780,TRACK,40.76852,73.29207,"",""
08/25/2011 09:04:35,0-2121780,TRACK,40.70943,73.21922,"",""
08/25/2011 08:54:35,0-2121780,TRACK,40.65176,73.11206,"",""
08/25/2011 08:44:37,0-2121780,TRACK,40.60539,72.99966,"",""
08/25/2011 08:34:36,0-2121780,TRACK,40.56491,72.8847,"",""
08/25/2011 08:25:07,0-2121780,TRACK,40.55093,72.84815,"",""
08/24/2011 17:44:11,0-2121780,TRACK,40.53587,72.79311,"",""
08/24/2011 17:34:10,0-2121780,TRACK,40.53669,72.79726,"",""
08/24/2011 17:24:08,0-2121780,TRACK,40.53647,72.84142,"",""
08/24/2011 17:14:08,0-2121780,TRACK,40.53922,72.85696,"",""
08/24/2011 17:04:09,0-2121780,TRACK,40.53928,72.85704,"",""
08/24/2011 16:54:10,0-2121780,TRACK,40.53926,72.85704,"",""
08/24/2011 16:44:37,0-2121780,TRACK,40.53929,72.85704,"",""
08/24/2011 16:34:10,0-2121780,TRACK,40.53925,72.85708,"",""
08/24/2011 16:24:11,0-2121780,TRACK,40.54423,72.89622,"",""
08/24/2011 16:14:08,0-2121780,TRACK,40.51064,72.98553,"",""
08/24/2011 16:04:11,0-2121780,TRACK,40.45658,73.07211,"",""
08/24/2011 15:54:09,0-2121780,TRACK,40.36855,73.12783,"",""
08/24/2011 15:44:21,0-2121780,TRACK,40.31488,73.22336,"",""
08/24/2011 15:34:37,0-2121780,TRACK,40.25571,73.30812,"",""
08/24/2011 15:24:13,0-2121780,TRACK,40.24458,73.36327,"",""
08/24/2011 15:16:06,0-2121780,TRACK,40.25901,73.41745,"",""
08/24/2011 15:04:10,0-2121780,TRACK,40.30531,73.45747,"",""
08/24/2011 14:54:09,0-2121780,TRACK,40.30526,73.45755,"",""
08/24/2011 14:44:31,0-2121780,TRACK,40.29486,73.47386,"",""
08/24/2011 14:34:33,0-2121780,TRACK,40.21471,73.47765,"",""
08/24/2011 14:25:26,0-2121780,TRACK,40.14424,73.51134,"",""
08/24/2011 14:14:10,0-2121780,TRACK,40.04181,73.5348,"",""
08/24/2011 14:04:15,0-2121780,TRACK,39.98269,73.49519,"",""
08/24/2011 13:54:10,0-2121780,TRACK,39.90304,73.42303,"",""
08/24/2011 13:44:10,0-2121780,TRACK,39.85519,73.34322,"",""
08/24/2011 13:34:10,0-2121780,TRACK,39.81204,73.23973,"",""
08/24/2011 13:24:10,0-2121780,TRACK,39.76955,73.18832,"",""
08/24/2011 13:14:10,0-2121780,TRACK,39.77182,73.17268,"",""
08/24/2011 13:04:09,0-2121780,TRACK,39.75065,73.1526,"",""
08/24/2011 12:54:37,0-2121780,TRACK,39.74408,73.20471,"",""
08/24/2011 12:44:09,0-2121780,TRACK,39.73013,73.24727,"",""
08/24/2011 12:34:13,0-2121780,TRACK,39.72993,73.24731,"",""
08/24/2011 12:24:13,0-2121780,TRACK,39.72761,73.24765,"",""
08/24/2011 12:14:20,0-2121780,TRACK,39.66292,73.23663,"",""
08/24/2011 12:00:36,0-2121780,OK,39.53253,73.26476,"",""
08/24/2011 11:58:54,0-2121780,TRACK,39.53252,73.26476,"",""
08/24/2011 11:56:15,0-2121780,TRACK,39.53252,73.26476,"",""
08/24/2011 11:46:15,0-2121780,TRACK,39.53254,73.26478,"",""
08/24/2011 11:36:16,0-2121780,TRACK,39.53251,73.26473,"",""
08/24/2011 11:26:16,0-2121780,TRACK,39.53251,73.26473,"",""
08/24/2011 11:16:16,0-2121780,TRACK,39.53244,73.26479,"",""
08/24/2011 11:06:15,0-2121780,TRACK,39.5178,73.26928,"",""
08/24/2011 10:56:16,0-2121780,TRACK,39.50721,73.26864,"",""
08/24/2011 10:46:15,0-2121780,TRACK,39.50721,73.26864,"",""
08/24/2011 10:36:15,0-2121780,TRACK,39.50721,73.26864,"",""
08/24/2011 10:28:36,0-2121780,TRACK,39.50719,73.26866,"",""
08/24/2011 10:18:01,0-2121780,TRACK,39.50763,73.2684,"",""
08/24/2011 10:06:27,0-2121780,TRACK,39.47203,73.26083,"",""
08/24/2011 09:56:22,0-2121780,TRACK,39.46817,73.26016,"",""
08/24/2011 09:48:17,0-2121780,TRACK,39.4373,73.24905,"",""
08/24/2011 09:36:19,0-2121780,TRACK,39.41368,73.26911,"",""
08/24/2011 09:26:19,0-2121780,TRACK,39.39201,73.30173,"",""
08/24/2011 09:16:19,0-2121780,TRACK,39.37424,73.32714,"",""
08/24/2011 09:09:54,0-2121780,TRACK,39.37415,73.32716,"",""
08/24/2011 08:56:19,0-2121780,TRACK,39.37264,73.32685,"",""
08/24/2011 08:46:14,0-2121780,TRACK,39.37263,73.32683,"",""
08/24/2011 08:36:14,0-2121780,TRACK,39.37263,73.32683,"",""
08/24/2011 08:26:19,0-2121780,TRACK,39.37264,73.32635,"",""
08/24/2011 08:16:22,0-2121780,TRACK,39.37262,73.32647,"",""
08/24/2011 08:06:17,0-2121780,TRACK,39.37261,73.32642,"",""
08/24/2011 07:56:17,0-2121780,TRACK,39.35716,73.33934,"",""
08/24/2011 07:46:28,0-2121780,TRACK,39.3099,73.33627,"",""
08/24/2011 07:36:20,0-2121780,TRACK,39.25485,73.39822,"",""
08/24/2011 07:26:19,0-2121780,TRACK,39.22942,73.42502,"",""
08/24/2011 07:16:19,0-2121780,TRACK,39.20629,73.43896,"",""
08/24/2011 07:06:17,0-2121780,TRACK,39.16667,73.48197,"",""
08/24/2011 06:56:17,0-2121780,TRACK,39.09237,73.5858,"",""
08/24/2011 06:46:16,0-2121780,TRACK,38.99268,73.54872,"",""
08/24/2011 06:36:16,0-2121780,TRACK,38.89734,73.49594,"",""
08/24/2011 06:26:18,0-2121780,TRACK,38.79192,73.46946,"",""
08/24/2011 06:17:02,0-2121780,TRACK,38.71801,73.51248,"",""
08/24/2011 06:06:19,0-2121780,TRACK,38.61863,73.53004,"",""
08/24/2011 05:56:16,0-2121780,TRACK,38.58668,73.54156,"",""
08/24/2011 05:47:28,0-2121780,TRACK,38.56942,73.55415,"",""
08/24/2011 05:36:31,0-2121780,TRACK,38.56217,73.61949,"",""
08/24/2011 05:26:31,0-2121780,TRACK,38.56603,73.71519,"",""
08/24/2011 05:17:07,0-2121780,TRACK,38.53448,73.811,"",""
08/24/2011 05:06:16,0-2121780,TRACK,38.48894,73.88226,"",""
08/24/2011 04:56:28,0-2121780,TRACK,38.40453,73.99371,"",""
08/24/2011 04:46:18,0-2121780,TRACK,38.30963,74.04161,"",""
08/24/2011 04:26:24,0-2121780,TRACK,38.17394,73.96747,"",""
08/24/2011 04:16:17,0-2121780,TRACK,38.15252,73.96569,"",""
08/24/2011 04:06:17,0-2121780,TRACK,38.13157,73.95189,"",""
08/24/2011 03:56:16,0-2121780,TRACK,38.12001,73.89389,"",""
08/24/2011 03:46:17,0-2121780,TRACK,38.01781,73.93608,"",""
08/24/2011 03:36:16,0-2121780,TRACK,37.96506,73.88116,"",""
08/24/2011 03:26:16,0-2121780,TRACK,37.87266,73.81232,"",""
08/24/2011 03:16:22,0-2121780,TRACK,37.85455,73.72058,"",""
08/24/2011 03:06:22,0-2121780,TRACK,37.8276,73.6157,"",""
08/24/2011 02:56:16,0-2121780,TRACK,37.80441,73.48663,"",""
08/24/2011 02:46:26,0-2121780,TRACK,37.79403,73.37142,"",""
08/24/2011 02:28:34,0-2121780,OK,37.78635,73.36631,"",""
08/24/2011 02:27:37,0-2121780,TRACK,37.78636,73.36631,"",""
08/23/2011 14:03:54,0-2121780,TRACK,37.78642,73.36629,"",""
08/23/2011 13:38:24,0-2121780,OK,37.74831,73.253,"",""
08/23/2011 13:32:52,0-2121780,TRACK,37.71909,73.25491,"",""
08/23/2011 13:22:52,0-2121780,TRACK,37.67102,73.15809,"",""
08/23/2011 13:12:46,0-2121780,TRACK,37.64324,73.06846,"",""
08/23/2011 13:02:49,0-2121780,TRACK,37.63218,73.04548,"",""
08/23/2011 12:54:07,0-2121780,TRACK,37.59386,73.01556,"",""
08/23/2011 12:44:07,0-2121780,TRACK,37.55601,72.97367,"",""
08/23/2011 12:33:07,0-2121780,TRACK,37.53885,72.93591,"",""
08/23/2011 12:23:07,0-2121780,TRACK,37.53786,72.93342,"",""
08/23/2011 12:13:07,0-2121780,TRACK,37.53786,72.93342,"",""
08/23/2011 12:02:46,0-2121780,TRACK,37.5378,72.9334,"",""
08/23/2011 11:52:48,0-2121780,TRACK,37.53787,72.92347,"",""
08/23/2011 11:42:48,0-2121780,TRACK,37.5271,72.87103,"",""
08/23/2011 11:32:49,0-2121780,TRACK,37.48783,72.80302,"",""
08/23/2011 11:22:51,0-2121780,TRACK,37.48845,72.74054,"",""
08/23/2011 11:12:51,0-2121780,TRACK,37.48866,72.74045,"",""
08/23/2011 11:02:47,0-2121780,TRACK,37.50275,72.68401,"",""
08/23/2011 10:52:47,0-2121780,TRACK,37.57079,72.61289,"",""
08/23/2011 10:42:47,0-2121780,TRACK,37.63898,72.53556,"",""
08/23/2011 10:33:24,0-2121780,TRACK,37.68416,72.48457,"",""
08/23/2011 04:24:52,0-2121780,OK,38.11205,71.33521,"",""
08/22/2011 14:13:54,0-2121780,TRACK,38.43685,70.91844,"",""
08/22/2011 09:54:03,0-2121780,TRACK,37.93988,70.17171,"",""
08/22/2011 06:31:34,0-2121780,TRACK,37.80307,69.67147,"",""
08/22/2011 05:31:32,0-2121780,TRACK,38.07536,69.3433,"",""
08/21/2011 10:58:07,0-2121780,TRACK,38.04826,67.56358,"",""
08/21/2011 10:39:13,0-2121780,TRACK,38.05428,67.44453,"",""
08/21/2011 10:28:00,0-2121780,TRACK,38.13934,67.33868,"",""
08/21/2011 10:18:00,0-2121780,TRACK,38.13934,67.33868,"",""
08/21/2011 10:08:00,0-2121780,TRACK,38.13934,67.33868,"",""
08/21/2011 09:56:37,0-2121780,TRACK,38.18061,67.20854,"",""
08/21/2011 09:27:07,0-2121780,TRACK,38.18584,67.19247,"",""
08/21/2011 09:17:07,0-2121780,TRACK,38.17854,67.13565,"",""
08/21/2011 09:07:07,0-2121780,TRACK,38.17755,67.04115,"",""
08/21/2011 08:56:39,0-2121780,TRACK,38.20712,66.98452,"",""
08/21/2011 08:46:39,0-2121780,TRACK,38.20699,66.98452,"",""
08/21/2011 08:38:25,0-2121780,TRACK,38.20679,66.98461,"",""
08/21/2011 08:28:44,0-2121780,TRACK,38.22223,66.8876,"",""
08/21/2011 08:18:09,0-2121780,TRACK,38.26545,66.79241,"",""
08/21/2011 08:08:09,0-2121780,TRACK,38.30742,66.70229,"",""
08/21/2011 07:58:09,0-2121780,TRACK,38.33639,66.56736,"",""
08/21/2011 07:26:39,0-2121780,TRACK,38.50093,66.34408,"",""
08/21/2011 07:16:38,0-2121780,TRACK,38.59552,66.27968,"",""
08/21/2011 07:06:38,0-2121780,TRACK,38.69221,66.3462,"",""
08/21/2011 06:56:36,0-2121780,TRACK,38.77552,66.4813,"",""
08/21/2011 06:46:36,0-2121780,TRACK,38.85367,66.58859,"",""
08/21/2011 06:36:51,0-2121780,TRACK,38.94011,66.691,"",""
08/21/2011 06:06:40,0-2121780,TRACK,39.06848,66.81458,"",""
08/21/2011 05:56:38,0-2121780,TRACK,39.13293,66.8797,"",""
08/21/2011 05:26:37,0-2121780,TRACK,39.29412,66.90987,"",""
08/21/2011 05:16:35,0-2121780,TRACK,39.31337,66.95206,"",""
08/21/2011 05:06:35,0-2121780,TRACK,39.37173,66.99395,"",""
08/21/2011 04:56:36,0-2121780,TRACK,39.46613,67.03001,"",""
08/21/2011 04:46:37,0-2121780,TRACK,39.57017,67.00699,"",""
08/21/2011 04:36:36,0-2121780,TRACK,39.63819,67.034,"",""
08/20/2011 13:43:08,0-2121780,TRACK,39.65039,66.97733,"",""
08/20/2011 13:13:08,0-2121780,TRACK,39.65038,66.97749,"",""
08/20/2011 13:03:55,0-2121780,TRACK,39.6519,66.97736,"",""
08/20/2011 12:53:10,0-2121780,TRACK,39.65182,66.97759,"",""
08/20/2011 12:43:10,0-2121780,TRACK,39.65182,66.97775,"",""
08/20/2011 08:13:24,0-2121780,TRACK,40.07657,64.58257,"",""
08/20/2011 08:03:09,0-2121780,TRACK,39.98369,64.50623,"",""
08/20/2011 07:53:09,0-2121780,TRACK,39.8537,64.44211,"",""
08/20/2011 07:43:08,0-2121780,TRACK,39.78347,64.41464,"",""
08/20/2011 07:33:08,0-2121780,TRACK,39.77746,64.4076,"",""
08/20/2011 07:23:08,0-2121780,TRACK,39.77746,64.40777,"",""
08/20/2011 07:13:10,0-2121780,TRACK,39.77739,64.40782,"",""
08/20/2011 07:03:38,0-2121780,TRACK,39.77735,64.40771,"",""
08/20/2011 06:53:38,0-2121780,TRACK,39.77744,64.40771,"",""
08/20/2011 06:44:55,0-2121780,TRACK,39.77764,64.40788,"",""
08/20/2011 06:33:09,0-2121780,TRACK,39.78345,64.39085,"",""
08/20/2011 06:23:09,0-2121780,TRACK,39.75384,64.25283,"",""
08/20/2011 06:13:08,0-2121780,TRACK,39.67538,64.15702,"",""
08/20/2011 06:03:09,0-2121780,TRACK,39.62943,64.01701,"",""
08/20/2011 05:53:09,0-2121780,TRACK,39.5631,63.92155,"",""
08/20/2011 05:43:37,0-2121780,TRACK,39.51725,63.85775,"",""
08/20/2011 05:23:09,0-2121780,TRACK,39.38106,63.79906,"",""
08/20/2011 05:13:08,0-2121780,TRACK,39.25574,63.72763,"",""
08/20/2011 05:03:38,0-2121780,TRACK,39.22867,63.71598,"",""
08/20/2011 04:53:38,0-2121780,TRACK,39.22996,63.71667,"",""
08/20/2011 04:43:09,0-2121780,TRACK,39.29151,63.75641,"",""
08/20/2011 04:33:11,0-2121780,TRACK,39.41314,63.78596,"",""
08/20/2011 04:23:11,0-2121780,TRACK,39.51511,63.8542,"",""
08/20/2011 04:13:10,0-2121780,TRACK,39.61206,63.98725,"",""
08/20/2011 04:03:09,0-2121780,TRACK,39.67603,64.1591,"",""
08/20/2011 03:53:09,0-2121780,TRACK,39.75907,64.27573,"",""
08/19/2011 12:21:46,0-2121780,TRACK,39.76667,64.4275,"",""
08/19/2011 12:11:46,0-2121780,TRACK,39.77341,64.42063,"",""
08/19/2011 12:03:08,0-2121780,TRACK,39.77344,64.42059,"",""
08/19/2011 11:51:48,0-2121780,TRACK,39.77335,64.42069,"",""
08/19/2011 11:41:48,0-2121780,TRACK,39.77361,64.42043,"",""
08/19/2011 11:31:56,0-2121780,TRACK,39.77343,64.42061,"",""
08/19/2011 11:21:49,0-2121780,TRACK,39.7734,64.42065,"",""
08/19/2011 11:11:49,0-2121780,TRACK,39.77022,64.43078,"",""
08/19/2011 11:01:47,0-2121780,TRACK,39.77574,64.40877,"",""
08/19/2011 10:51:47,0-2121780,TRACK,39.76097,64.28526,"",""
08/19/2011 10:41:57,0-2121780,TRACK,39.6949,64.18052,"",""
08/19/2011 10:30:55,0-2121780,OK,39.63408,64.0237,"","No internets or roaming in Uzbekistan :("
08/19/2011 10:22:07,0-2121780,TRACK,39.55884,63.91309,"",""
08/19/2011 10:12:06,0-2121780,TRACK,39.51393,63.85295,"",""
08/19/2011 10:02:06,0-2121780,TRACK,39.43475,63.80334,"",""
08/19/2011 09:52:07,0-2121780,TRACK,39.35203,63.78422,"",""
08/19/2011 07:28:49,0-2121780,TRACK,39.22185,63.71491,"",""
08/19/2011 07:18:49,0-2121780,TRACK,39.22185,63.71491,"",""
08/19/2011 07:08:49,0-2121780,TRACK,39.22185,63.71491,"",""
08/19/2011 06:56:04,0-2121780,TRACK,39.21093,63.71122,"",""
08/19/2011 06:46:04,0-2121780,TRACK,39.21093,63.71122,"",""
08/19/2011 06:36:04,0-2121780,TRACK,39.21093,63.71122,"",""
08/19/2011 06:25:57,0-2121780,TRACK,39.15265,63.69841,"",""
08/19/2011 06:15:27,0-2121780,TRACK,39.14363,63.62254,"",""
08/19/2011 06:05:25,0-2121780,TRACK,39.16883,63.58575,"",""
08/19/2011 05:51:19,0-2121780,OK,39.12567,63.5631,"",""
08/19/2011 05:48:06,0-2121780,TRACK,39.12568,63.5631,"",""
08/18/2011 14:35:10,0-2121780,TRACK,39.05724,63.5885,"",""
08/18/2011 14:21:12,0-2121780,TRACK,39.07096,63.58683,"",""
08/18/2011 14:08:47,0-2121780,TRACK,39.07599,63.58672,"",""
08/18/2011 13:58:47,0-2121780,TRACK,39.07599,63.58672,"",""
08/18/2011 13:48:05,0-2121780,TRACK,39.05637,63.58101,"",""
08/18/2011 13:38:05,0-2121780,TRACK,39.05637,63.58101,"",""
08/18/2011 13:30:25,0-2121780,TRACK,39.04815,63.58844,"",""
08/18/2011 13:18:13,0-2121780,TRACK,38.97534,63.51078,"",""
08/18/2011 13:09:07,0-2121780,TRACK,38.97534,63.51078,"",""
08/18/2011 13:06:16,0-2121780,TRACK,38.97534,63.51078,"",""
08/18/2011 12:56:16,0-2121780,TRACK,38.97534,63.51078,"",""
08/18/2011 12:48:09,0-2121780,TRACK,38.63843,63.22312,"",""
08/18/2011 12:37:46,0-2121780,TRACK,38.63843,63.22312,"",""
08/18/2011 12:27:47,0-2121780,TRACK,38.55735,63.16568,"",""
08/18/2011 12:18:24,0-2121780,TRACK,38.55737,63.16576,"",""
08/18/2011 12:08:24,0-2121780,TRACK,38.55737,63.16576,"",""
08/18/2011 11:58:24,0-2121780,TRACK,38.55737,63.16576,"",""
08/18/2011 11:18:36,0-2121780,TRACK,38.52979,63.15414,"",""
08/18/2011 11:08:34,0-2121780,TRACK,38.40178,63.07798,"",""
08/18/2011 10:58:35,0-2121780,TRACK,38.29188,62.96497,"",""
08/18/2011 10:48:36,0-2121780,TRACK,38.19209,62.8792,"",""
08/18/2011 10:38:36,0-2121780,TRACK,38.08948,62.79311,"",""
08/18/2011 10:28:36,0-2121780,TRACK,37.9785,62.68539,"",""
08/18/2011 10:18:35,0-2121780,TRACK,37.9594,62.65715,"",""
08/18/2011 10:08:36,0-2121780,TRACK,37.86769,62.60875,"",""
08/18/2011 09:58:34,0-2121780,TRACK,37.7775,62.52495,"",""
08/18/2011 09:48:35,0-2121780,TRACK,37.74356,62.4777,"",""
08/18/2011 09:39:04,0-2121780,TRACK,37.64872,62.38237,"",""
08/18/2011 09:28:36,0-2121780,TRACK,37.61008,62.26937,"",""
08/18/2011 09:18:36,0-2121780,TRACK,37.58369,62.14466,"",""
08/18/2011 09:08:37,0-2121780,TRACK,37.62254,62.12704,"",""
08/18/2011 08:58:38,0-2121780,TRACK,37.65854,62.13979,"",""
08/18/2011 08:38:33,0-2121780,TRACK,37.66624,62.19197,"",""
08/18/2011 08:28:35,0-2121780,TRACK,37.66626,62.19197,"",""
08/18/2011 08:18:39,0-2121780,TRACK,37.66235,62.18094,"",""
08/18/2011 08:08:39,0-2121780,TRACK,37.67226,62.1709,"",""
08/18/2011 07:58:36,0-2121780,TRACK,37.67114,62.16862,"",""
08/18/2011 07:48:39,0-2121780,TRACK,37.6704,62.16691,"",""
08/18/2011 07:38:34,0-2121780,TRACK,37.67621,62.17146,"",""
08/18/2011 07:28:35,0-2121780,TRACK,37.67796,62.17135,"",""
08/18/2011 07:18:35,0-2121780,TRACK,37.678,62.17135,"",""
08/18/2011 07:08:35,0-2121780,TRACK,37.67799,62.17139,"",""
08/18/2011 06:58:44,0-2121780,TRACK,37.66364,62.16307,"",""
08/18/2011 06:48:45,0-2121780,TRACK,37.66156,62.14839,"",""
08/18/2011 06:33:02,0-2121780,OK,37.65927,62.14187,"",""
08/18/2011 06:29:54,0-2121780,TRACK,37.63825,62.15219,"",""
08/18/2011 06:19:54,0-2121780,TRACK,37.63825,62.15219,"",""
08/18/2011 06:09:54,0-2121780,TRACK,37.63825,62.15219,"",""
08/18/2011 05:39:07,0-2121780,TRACK,37.57248,61.83384,"",""
08/17/2011 15:59:27,0-2121780,TRACK,37.59378,61.83758,"",""
08/17/2011 15:49:28,0-2121780,TRACK,37.58728,61.79503,"",""
08/17/2011 15:39:25,0-2121780,TRACK,37.52916,61.731,"",""
08/17/2011 15:29:28,0-2121780,TRACK,37.46681,61.67986,"",""
08/17/2011 15:19:28,0-2121780,TRACK,37.42729,61.59772,"",""
08/17/2011 15:09:24,0-2121780,TRACK,37.38196,61.48419,"",""
08/17/2011 14:59:45,0-2121780,TRACK,37.32688,61.41471,"",""
08/17/2011 14:50:13,0-2121780,TRACK,37.27938,61.31605,"",""
08/17/2011 14:39:24,0-2121780,TRACK,37.22375,61.22131,"",""
08/17/2011 14:29:40,0-2121780,TRACK,37.22457,61.18775,"",""
08/17/2011 14:19:31,0-2121780,TRACK,37.22698,61.0798,"",""
08/17/2011 14:09:31,0-2121780,TRACK,37.22908,60.97809,"",""
08/17/2011 13:59:43,0-2121780,TRACK,37.23275,60.86095,"",""
08/17/2011 13:49:24,0-2121780,TRACK,37.30799,60.77731,"",""
08/17/2011 13:39:24,0-2121780,TRACK,37.35799,60.72229,"",""
08/17/2011 13:29:24,0-2121780,TRACK,37.35314,60.62496,"",""
08/17/2011 13:19:26,0-2121780,TRACK,37.36269,60.55636,"",""
08/17/2011 13:09:28,0-2121780,TRACK,37.36993,60.49081,"",""
08/17/2011 12:59:28,0-2121780,TRACK,37.37856,60.48154,"",""
08/17/2011 12:49:39,0-2121780,TRACK,37.35745,60.43274,"",""
08/17/2011 12:33:56,0-2121780,OK,37.29869,60.30123,"","East Ashgabat road very poor. N road=B"
08/17/2011 12:31:42,0-2121780,TRACK,37.28617,60.27323,"",""
08/17/2011 12:21:41,0-2121780,TRACK,37.23462,60.15854,"",""
08/17/2011 12:21:06,0-2121780,OK,37.23293,60.15469,"",""
08/17/2011 12:19:44,0-2121780,TRACK,37.22602,60.13895,"",""
08/17/2011 12:09:44,0-2121780,TRACK,37.22602,60.13895,"",""
08/17/2011 12:04:19,0-2121780,TRACK,37.22668,59.96183,"",""
08/17/2011 11:54:18,0-2121780,TRACK,37.27433,59.81605,"",""
08/17/2011 11:44:18,0-2121780,TRACK,37.3366,59.70344,"",""
08/17/2011 11:34:19,0-2121780,TRACK,37.37045,59.613,"",""
08/17/2011 11:24:17,0-2121780,TRACK,37.43626,59.52991,"",""
08/17/2011 11:14:19,0-2121780,TRACK,37.51056,59.44221,"",""
08/17/2011 11:04:18,0-2121780,TRACK,37.56928,59.33827,"",""
08/17/2011 10:54:19,0-2121780,TRACK,37.6193,59.22039,"",""
08/17/2011 10:44:18,0-2121780,TRACK,37.67435,59.11054,"",""
08/17/2011 10:34:29,0-2121780,TRACK,37.72686,59.0134,"",""
08/17/2011 10:14:13,0-2121780,OK,37.8239,58.75817,"",""
08/17/2011 09:57:55,0-2121780,TRACK,37.89029,58.61457,"",""
08/17/2011 07:00:41,0-2121780,TRACK,38.08162,58.38467,"",""
08/17/2011 06:50:04,0-2121780,TRACK,38.14531,58.36826,"",""
08/17/2011 06:40:00,0-2121780,TRACK,38.23625,58.44815,"",""
08/17/2011 06:30:03,0-2121780,TRACK,38.34455,58.50864,"",""
08/17/2011 06:20:10,0-2121780,TRACK,38.47726,58.50604,"",""
08/17/2011 06:03:01,0-2121780,OK,38.70366,58.49662,"","Filled up for 15 manat... 5$"
08/17/2011 05:51:25,0-2121780,TRACK,38.76146,58.48443,"",""
08/17/2011 05:41:34,0-2121780,TRACK,38.84882,58.49168,"",""
08/17/2011 05:26:35,0-2121780,OK,39.03161,58.52784,"","Fined for "speeding". 15$ bribe"
08/17/2011 05:11:38,0-2121780,TRACK,39.2042,58.54524,"",""
08/17/2011 05:01:38,0-2121780,TRACK,39.21923,58.54816,"",""
08/17/2011 04:51:37,0-2121780,TRACK,39.25259,58.56151,"",""
08/17/2011 04:41:38,0-2121780,TRACK,39.30947,58.58777,"",""
08/17/2011 04:31:36,0-2121780,TRACK,39.37717,58.55623,"",""
08/17/2011 04:21:37,0-2121780,TRACK,39.50032,58.48619,"",""
08/17/2011 04:11:38,0-2121780,TRACK,39.63204,58.44225,"",""
08/17/2011 04:01:38,0-2121780,TRACK,39.76998,58.43551,"",""
08/17/2011 03:51:38,0-2121780,TRACK,39.90771,58.42156,"",""
08/17/2011 03:41:37,0-2121780,TRACK,40.00874,58.43917,"",""
08/17/2011 03:31:38,0-2121780,TRACK,40.13047,58.41347,"",""
08/17/2011 03:22:06,0-2121780,TRACK,40.21845,58.39693,"",""
08/16/2011 19:06:41,0-2121780,TRACK,40.25434,58.38832,"",""
08/16/2011 18:47:05,0-2121780,TRACK,40.25428,58.38843,"",""
08/16/2011 18:16:36,0-2121780,TRACK,40.25515,58.39154,"",""
08/16/2011 18:07:15,0-2121780,TRACK,40.25475,58.39714,"",""
08/16/2011 17:56:54,0-2121780,TRACK,40.25418,58.40467,"",""
08/16/2011 17:46:58,0-2121780,TRACK,40.25406,58.411,"",""
08/16/2011 17:37:13,0-2121780,TRACK,40.25364,58.41757,"",""
08/16/2011 17:26:46,0-2121780,TRACK,40.25314,58.42673,"",""
08/16/2011 17:17:12,0-2121780,TRACK,40.25225,58.43373,"",""
08/16/2011 17:06:27,0-2121780,TRACK,40.2512,58.43739,"",""
08/16/2011 16:56:37,0-2121780,TRACK,40.25119,58.43739,"",""
08/16/2011 16:24:45,0-2121780,TRACK,40.25277,58.43549,"",""
08/16/2011 16:22:37,0-2121780,OK,40.25272,58.43533,"","We found Hell's Gate!!"
08/16/2011 15:59:05,0-2121780,OK,40.25442,58.42364,"","We see glow of crater on approach :))"
08/16/2011 15:34:27,0-2121780,TRACK,40.25617,58.40628,"",""
08/16/2011 15:19:50,0-2121780,OK,40.25524,58.39716,"",""
08/16/2011 15:13:19,0-2121780,OK,40.25433,58.38836,"","About to start 3 mile desert trek wth gps"
08/16/2011 14:05:24,0-2121780,TRACK,40.2543,58.38839,"",""
08/16/2011 13:55:24,0-2121780,TRACK,40.25426,58.38839,"",""
08/16/2011 13:45:24,0-2121780,TRACK,40.2543,58.38839,"",""
08/16/2011 13:14:45,0-2121780,TRACK,40.25433,58.38845,"",""
08/16/2011 13:04:45,0-2121780,TRACK,40.25433,58.38845,"",""
08/16/2011 12:54:45,0-2121780,TRACK,40.25433,58.38845,"",""
08/16/2011 12:26:04,0-2121780,TRACK,40.25,58.38787,"",""
08/16/2011 12:16:04,0-2121780,TRACK,40.21502,58.4004,"",""
08/16/2011 12:05:59,0-2121780,TRACK,40.10382,58.41598,"",""
08/16/2011 11:56:00,0-2121780,TRACK,40.05798,58.42652,"",""
08/16/2011 11:46:00,0-2121780,TRACK,40.00438,58.44034,"",""
08/16/2011 11:36:01,0-2121780,TRACK,39.92161,58.42295,"",""
08/16/2011 11:26:01,0-2121780,TRACK,39.80741,58.42724,"",""
08/16/2011 11:16:00,0-2121780,TRACK,39.68238,58.44701,"",""
08/16/2011 11:08:21,0-2121780,TRACK,39.6141,58.44881,"",""
08/16/2011 10:58:21,0-2121780,TRACK,39.48729,58.50065,"",""
08/16/2011 10:46:02,0-2121780,TRACK,39.3762,58.55666,"",""
08/16/2011 10:36:02,0-2121780,TRACK,39.29376,58.58138,"",""
08/16/2011 10:26:55,0-2121780,TRACK,39.19457,58.54346,"",""
08/16/2011 10:17:10,0-2121780,TRACK,39.07783,58.53986,"",""
08/16/2011 10:06:12,0-2121780,TRACK,38.94559,58.50848,"",""
08/16/2011 09:56:01,0-2121780,TRACK,38.83268,58.48891,"",""
08/16/2011 09:45:59,0-2121780,TRACK,38.73785,58.49484,"",""
08/16/2011 09:36:01,0-2121780,TRACK,38.59372,58.50188,"",""
08/16/2011 09:26:02,0-2121780,TRACK,38.44434,58.49926,"",""
08/16/2011 09:00:59,0-2121780,OK,38.13328,58.36641,"","VeryHot, heading for Darvaza crater alone"
08/16/2011 08:54:46,0-2121780,TRACK,38.06419,58.39349,"",""
08/16/2011 08:45:25,0-2121780,TRACK,37.97627,58.39377,"",""
08/15/2011 12:47:38,0-2121780,TRACK,37.93947,58.37731,"",""
08/15/2011 12:37:38,0-2121780,TRACK,37.93981,58.37714,"",""
08/15/2011 12:28:07,0-2121780,TRACK,37.93967,58.37725,"",""
08/15/2011 12:17:50,0-2121780,TRACK,37.93989,58.37701,"",""
08/15/2011 12:09:03,0-2121780,TRACK,37.9398,58.3768,"",""
08/15/2011 11:59:03,0-2121780,TRACK,37.89706,58.35929,"",""
08/15/2011 11:49:03,0-2121780,TRACK,37.87878,58.35431,"",""
08/15/2011 11:37:50,0-2121780,TRACK,37.87481,58.30238,"",""
08/15/2011 11:27:38,0-2121780,TRACK,37.82883,58.37543,"",""
08/15/2011 11:19:26,0-2121780,TRACK,37.80375,58.36667,"",""
08/15/2011 11:09:26,0-2121780,TRACK,37.80375,58.36667,"",""
08/15/2011 10:57:52,0-2121780,TRACK,37.66488,58.42186,"",""
08/15/2011 10:47:37,0-2121780,TRACK,37.63045,58.40579,"",""
08/15/2011 10:40:25,0-2121780,TRACK,37.63045,58.40581,"",""
08/15/2011 10:30:25,0-2121780,TRACK,37.62994,58.40607,"",""
08/15/2011 10:20:25,0-2121780,TRACK,37.62994,58.40607,"",""
08/15/2011 10:07:39,0-2121780,TRACK,37.63012,58.40613,"",""
08/15/2011 09:57:37,0-2121780,TRACK,37.62975,58.40654,"",""
08/15/2011 09:47:38,0-2121780,TRACK,37.62976,58.40652,"",""
08/15/2011 09:37:50,0-2121780,TRACK,37.62978,58.40654,"",""
08/15/2011 09:27:38,0-2121780,TRACK,37.6298,58.40649,"",""
08/15/2011 09:17:45,0-2121780,TRACK,37.6298,58.40652,"",""
08/15/2011 08:58:15,0-2121780,OK,37.62975,58.40652,"","I think we are in Turkmenistan."
08/15/2011 08:57:55,0-2121780,TRACK,37.62974,58.40652,"",""
08/15/2011 08:09:18,0-2121780,TRACK,37.6283,58.40742,"",""
08/15/2011 07:59:19,0-2121780,TRACK,37.62829,58.40742,"",""
08/15/2011 07:49:19,0-2121780,TRACK,37.62829,58.40742,"",""
08/15/2011 07:39:19,0-2121780,TRACK,37.62831,58.40744,"",""
08/15/2011 07:29:19,0-2121780,TRACK,37.62828,58.40744,"",""
08/15/2011 07:19:38,0-2121780,TRACK,37.62724,58.40332,"",""
08/15/2011 07:09:37,0-2121780,TRACK,37.62529,58.41428,"",""
08/15/2011 06:59:19,0-2121780,TRACK,37.62899,58.40742,"",""
08/15/2011 06:49:20,0-2121780,TRACK,37.62858,58.40718,"",""
08/15/2011 05:59:19,0-2121780,TRACK,37.41661,58.53962,"",""
08/15/2011 05:49:19,0-2121780,TRACK,37.42155,58.57138,"",""
08/15/2011 05:39:18,0-2121780,TRACK,37.42739,58.58097,"",""
08/15/2011 05:29:20,0-2121780,TRACK,37.39429,58.57331,"",""
08/15/2011 05:19:19,0-2121780,TRACK,37.38906,58.57442,"",""
08/15/2011 05:09:22,0-2121780,TRACK,37.38906,58.57444,"",""
08/15/2011 05:08:58,0-2121780,OK,37.38908,58.57442,"",""
08/15/2011 05:00:04,0-2121780,TRACK,37.38908,58.57442,"",""
08/15/2011 04:50:04,0-2121780,TRACK,37.3902,58.57254,"",""
08/15/2011 04:40:04,0-2121780,TRACK,37.37093,58.52044,"",""
08/15/2011 04:30:15,0-2121780,TRACK,37.2676,58.49411,"",""
08/15/2011 04:21:07,0-2121780,OK,37.10961,58.51252,"","Hungry and heading for the Turkmen border"
08/15/2011 04:10:34,0-2121780,TRACK,37.10609,58.50926,"",""
08/14/2011 16:56:36,0-2121780,TRACK,37.10838,58.51157,"",""
08/14/2011 16:46:24,0-2121780,TRACK,37.09585,58.50104,"",""
08/14/2011 16:36:24,0-2121780,TRACK,37.00195,58.60558,"",""
08/14/2011 16:25:46,0-2121780,TRACK,36.93331,58.61683,"",""
08/14/2011 16:15:44,0-2121780,TRACK,36.84967,58.52981,"",""
08/14/2011 16:05:44,0-2121780,TRACK,36.76312,58.49089,"",""
08/14/2011 15:56:02,0-2121780,TRACK,36.70416,58.43731,"",""
08/14/2011 15:45:59,0-2121780,TRACK,36.66512,58.33801,"",""
08/14/2011 15:35:55,0-2121780,TRACK,36.61796,58.21771,"",""
08/14/2011 15:18:59,0-2121780,OK,36.47074,58.10137,"","Eyed cultivated land & the moon rising"
08/14/2011 15:16:58,0-2121780,TRACK,36.47075,58.10137,"",""
08/14/2011 15:07:02,0-2121780,TRACK,36.4044,58.04111,"",""
08/14/2011 14:57:02,0-2121780,TRACK,36.34882,57.91211,"",""
08/14/2011 14:46:59,0-2121780,TRACK,36.28284,57.82946,"",""
08/14/2011 14:36:57,0-2121780,TRACK,36.22783,57.71522,"",""
08/14/2011 14:26:57,0-2121780,TRACK,36.18998,57.6796,"",""
08/14/2011 14:16:57,0-2121780,TRACK,36.19417,57.66657,"",""
08/14/2011 14:07:00,0-2121780,TRACK,36.20871,57.53973,"",""
08/14/2011 13:57:00,0-2121780,TRACK,36.22467,57.38755,"",""
08/14/2011 13:47:01,0-2121780,TRACK,36.26448,57.19828,"",""
08/14/2011 13:36:59,0-2121780,TRACK,36.32302,57.0131,"",""
08/14/2011 13:27:01,0-2121780,TRACK,36.35131,56.83595,"",""
08/14/2011 13:16:59,0-2121780,TRACK,36.36126,56.6572,"",""
08/14/2011 13:06:58,0-2121780,TRACK,36.35717,56.47569,"",""
08/14/2011 12:56:58,0-2121780,TRACK,36.35554,56.38213,"",""
08/14/2011 12:46:59,0-2121780,TRACK,36.39029,56.25749,"",""
08/14/2011 12:37:00,0-2121780,TRACK,36.42356,56.07858,"",""
08/14/2011 12:27:00,0-2121780,TRACK,36.41293,55.94196,"",""
08/14/2011 12:17:00,0-2121780,TRACK,36.39765,55.82617,"",""
08/14/2011 12:06:59,0-2121780,TRACK,36.41436,55.66116,"",""
08/14/2011 11:56:59,0-2121780,TRACK,36.41994,55.47147,"",""
08/14/2011 11:47:00,0-2121780,TRACK,36.4412,55.28554,"",""
08/14/2011 11:36:58,0-2121780,TRACK,36.43545,55.10819,"",""
08/14/2011 11:27:00,0-2121780,TRACK,36.361,54.96559,"",""
08/14/2011 11:16:58,0-2121780,TRACK,36.31071,54.79506,"",""
08/14/2011 11:07:10,0-2121780,TRACK,36.26028,54.63299,"",""
08/14/2011 10:57:08,0-2121780,TRACK,36.20843,54.44335,"",""
08/14/2011 10:45:11,0-2121780,OK,36.1194,54.26903,"","Can't find decent place to eat. Hanger."
08/14/2011 10:43:07,0-2121780,TRACK,36.1194,54.26903,"",""
08/14/2011 10:32:29,0-2121780,TRACK,36.11938,54.269,"",""
08/14/2011 10:23:41,0-2121780,TRACK,36.08038,54.18738,"",""
08/14/2011 10:12:30,0-2121780,TRACK,35.96523,54.03947,"",""
08/14/2011 10:04:07,0-2121780,TRACK,35.86883,53.92178,"",""
08/14/2011 09:52:34,0-2121780,TRACK,35.76598,53.73458,"",""
08/14/2011 09:42:46,0-2121780,TRACK,35.70424,53.62225,"",""
08/14/2011 09:32:46,0-2121780,TRACK,35.63249,53.52088,"",""
08/14/2011 09:22:28,0-2121780,TRACK,35.58852,53.41879,"",""
08/14/2011 09:12:28,0-2121780,TRACK,35.54809,53.33227,"",""
08/14/2011 09:02:28,0-2121780,TRACK,35.46861,53.20086,"",""
08/14/2011 08:52:29,0-2121780,TRACK,35.39478,53.08669,"",""
08/14/2011 08:42:29,0-2121780,TRACK,35.29814,52.962,"",""
08/14/2011 08:32:30,0-2121780,TRACK,35.26045,52.77847,"",""
08/14/2011 08:22:27,0-2121780,TRACK,35.25886,52.69994,"",""
08/14/2011 08:12:30,0-2121780,TRACK,35.27031,52.51476,"",""
08/14/2011 08:02:30,0-2121780,TRACK,35.242,52.34777,"",""
08/14/2011 07:52:28,0-2121780,TRACK,35.26357,52.1819,"",""
08/14/2011 07:42:28,0-2121780,TRACK,35.3532,52.05809,"",""
08/14/2011 07:32:28,0-2121780,TRACK,35.38234,51.8884,"",""
08/14/2011 07:22:30,0-2121780,TRACK,35.43373,51.76387,"",""
08/14/2011 07:12:27,0-2121780,TRACK,35.49185,51.67213,"",""
08/13/2011 17:41:44,0-2121780,TRACK,35.66203,51.34469,"",""
08/13/2011 17:31:44,0-2121780,TRACK,35.56794,51.37031,"",""
08/13/2011 17:22:08,0-2121780,TRACK,35.49468,51.25772,"",""
08/13/2011 17:12:36,0-2121780,TRACK,35.35295,51.19461,"",""
08/13/2011 17:01:48,0-2121780,TRACK,35.21061,51.07627,"",""
08/13/2011 16:51:45,0-2121780,TRACK,35.12005,50.94865,"",""
08/13/2011 16:41:44,0-2121780,TRACK,35.01015,50.85563,"",""
08/13/2011 16:32:15,0-2121780,TRACK,34.86968,50.85494,"",""
08/13/2011 16:21:47,0-2121780,TRACK,34.86636,50.85529,"",""
08/13/2011 16:11:45,0-2121780,TRACK,34.8663,50.85545,"",""
08/13/2011 16:05:08,0-2121780,TRACK,34.86627,50.8555,"",""
08/13/2011 15:51:44,0-2121780,TRACK,34.86628,50.85552,"",""
08/13/2011 15:41:43,0-2121780,TRACK,34.86631,50.85552,"",""
08/13/2011 15:31:43,0-2121780,TRACK,34.82348,50.85226,"",""
08/13/2011 15:21:45,0-2121780,TRACK,34.68676,50.88916,"",""
08/13/2011 15:11:44,0-2121780,TRACK,34.5964,50.96463,"",""
08/13/2011 14:51:44,0-2121780,TRACK,34.37487,51.23382,"",""
08/13/2011 14:41:44,0-2121780,TRACK,34.22485,51.25386,"",""
08/13/2011 14:31:43,0-2121780,TRACK,34.07428,51.30918,"",""
08/13/2011 14:21:44,0-2121780,TRACK,33.94213,51.3725,"",""
08/13/2011 14:11:44,0-2121780,TRACK,33.88158,51.48597,"",""
08/13/2011 14:01:44,0-2121780,TRACK,33.7926,51.65583,"",""
08/13/2011 13:51:44,0-2121780,TRACK,33.69894,51.81206,"",""
08/13/2011 13:42:07,0-2121780,TRACK,33.60048,51.97417,"",""
08/13/2011 13:39:43,0-2121780,TRACK,33.55959,51.97529,"",""
08/13/2011 13:28:53,0-2121780,TRACK,33.40949,51.98791,"",""
08/13/2011 13:19:05,0-2121780,TRACK,33.28958,51.87806,"",""
08/13/2011 13:08:52,0-2121780,TRACK,33.16071,51.76766,"",""
08/13/2011 12:58:53,0-2121780,TRACK,33.08485,51.59231,"",""
08/13/2011 12:49:11,0-2121780,TRACK,32.98163,51.50058,"",""
08/13/2011 12:39:37,0-2121780,TRACK,32.85187,51.58987,"",""
08/13/2011 12:18:54,0-2121780,TRACK,32.70596,51.75007,"",""
08/13/2011 12:08:54,0-2121780,TRACK,32.67639,51.86234,"",""
08/13/2011 11:58:51,0-2121780,TRACK,32.67868,51.99413,"",""
08/13/2011 11:51:54,0-2121780,TRACK,32.69369,52.11298,"",""
08/13/2011 11:38:53,0-2121780,TRACK,32.71411,52.35387,"",""
08/13/2011 11:28:57,0-2121780,TRACK,32.71686,52.37884,"",""
08/13/2011 11:08:58,0-2121780,TRACK,32.72218,52.50909,"",""
08/13/2011 10:58:52,0-2121780,TRACK,32.74408,52.6955,"",""
08/13/2011 10:50:25,0-2121780,TRACK,32.71172,52.85392,"",""
08/13/2011 10:39:29,0-2121780,TRACK,32.79007,52.9885,"",""
08/13/2011 10:28:53,0-2121780,TRACK,32.84195,53.11308,"",""
08/13/2011 10:19:09,0-2121780,TRACK,32.75918,53.22711,"",""
08/13/2011 10:09:09,0-2121780,TRACK,32.66275,53.37491,"",""
08/13/2011 09:59:17,0-2121780,TRACK,32.54266,53.50951,"",""
08/13/2011 09:49:17,0-2121780,TRACK,32.44507,53.67465,"",""
08/13/2011 09:38:54,0-2121780,TRACK,32.38177,53.81172,"",""
08/13/2011 09:28:52,0-2121780,TRACK,32.34031,53.96334,"",""
08/13/2011 09:18:52,0-2121780,TRACK,32.27789,54.06664,"",""
08/13/2011 09:08:51,0-2121780,TRACK,32.13867,54.12157,"",""
08/13/2011 08:58:52,0-2121780,TRACK,32.05096,54.19305,"",""
08/13/2011 08:48:52,0-2121780,TRACK,31.96104,54.26553,"",""
08/13/2011 08:39:24,0-2121780,TRACK,31.84599,54.30692,"",""
08/12/2011 16:07:44,0-2121780,TRACK,31.89884,54.34964,"",""
08/12/2011 15:57:44,0-2121780,TRACK,31.89884,54.34964,"",""
08/12/2011 15:47:44,0-2121780,TRACK,31.89884,54.34964,"",""
08/12/2011 15:15:04,0-2121780,TRACK,32.29874,54.02132,"",""
08/12/2011 15:05:04,0-2121780,TRACK,32.29874,54.02132,"",""
08/12/2011 14:55:04,0-2121780,TRACK,32.29874,54.02132,"",""
08/12/2011 14:50:18,0-2121780,TRACK,32.41967,53.744,"",""
08/12/2011 14:40:18,0-2121780,TRACK,32.41967,53.744,"",""
08/12/2011 14:30:18,0-2121780,TRACK,32.41967,53.744,"",""
08/12/2011 14:08:21,0-2121780,TRACK,32.6375,53.40474,"",""
08/12/2011 13:58:22,0-2121780,TRACK,32.72262,53.27165,"",""
08/12/2011 13:48:20,0-2121780,TRACK,32.81997,53.15252,"",""
08/12/2011 13:38:20,0-2121780,TRACK,32.81647,53.02478,"",""
08/12/2011 13:28:20,0-2121780,TRACK,32.73515,52.87981,"",""
08/12/2011 13:18:20,0-2121780,TRACK,32.74502,52.7351,"",""
08/12/2011 13:08:21,0-2121780,TRACK,32.71977,52.57233,"",""
08/12/2011 12:58:19,0-2121780,TRACK,32.71622,52.4021,"",""
08/12/2011 12:57:41,0-2121780,OK,32.71549,52.38951,"","Really missing an A/C #mongolrally"
08/12/2011 12:56:27,0-2121780,TRACK,32.71409,52.36558,"",""
08/11/2011 18:33:42,0-2121780,TRACK,32.73027,51.66263,"",""
08/11/2011 18:23:42,0-2121780,TRACK,32.73027,51.66263,"",""
08/11/2011 18:13:42,0-2121780,TRACK,32.73027,51.66263,"",""
08/11/2011 17:52:17,0-2121780,TRACK,33.15855,51.75902,"",""
08/11/2011 17:51:21,0-2121780,TRACK,33.16547,51.78114,"",""
08/11/2011 17:33:05,0-2121780,TRACK,33.39502,51.9687,"",""
08/11/2011 17:22:07,0-2121780,TRACK,-47.9333,-143.86665,"",""
08/11/2011 17:17:29,0-2121780,TRACK,-47.9333,-143.86665,"",""
08/11/2011 17:07:29,0-2121780,TRACK,-47.9333,-143.86665,"",""
08/11/2011 16:57:29,0-2121780,TRACK,-47.9333,-143.86665,"",""
08/11/2011 16:53:03,0-2121780,TRACK,33.83512,51.59412,"",""
08/11/2011 16:42:26,0-2121780,TRACK,33.88864,51.4761,"",""
08/11/2011 16:31:37,0-2121780,TRACK,33.97075,51.47492,"",""
08/11/2011 16:21:37,0-2121780,TRACK,33.99226,51.4658,"",""
08/11/2011 16:11:37,0-2121780,TRACK,34.00136,51.44391,"",""
08/11/2011 16:01:39,0-2121780,TRACK,34.05623,51.46931,"",""
08/11/2011 15:41:43,0-2121780,TRACK,34.21157,51.52378,"",""
08/11/2011 15:25:06,0-2121780,OK,34.25238,51.62619,"","Climbed dunes in a Persian desert. :)"
08/11/2011 15:22:37,0-2121780,TRACK,34.25864,51.65349,"",""
08/11/2011 15:12:37,0-2121780,TRACK,34.25864,51.65349,"",""
08/11/2011 15:02:37,0-2121780,TRACK,34.25864,51.65349,"",""
08/11/2011 14:26:41,0-2121780,TRACK,34.25231,51.62598,"",""
08/11/2011 14:16:41,0-2121780,TRACK,34.25231,51.62598,"",""
08/11/2011 14:06:06,0-2121780,TRACK,34.17216,51.50468,"",""
08/11/2011 13:57:34,0-2121780,TRACK,34.17216,51.50468,"",""
08/11/2011 13:52:27,0-2121780,TRACK,34.15304,51.49127,"",""
08/11/2011 13:42:27,0-2121780,TRACK,34.15304,51.49127,"",""
08/11/2011 13:36:04,0-2121780,TRACK,34.12936,51.4838,"",""
08/11/2011 13:25:07,0-2121780,TRACK,34.0482,51.47367,"",""
08/11/2011 13:15:45,0-2121780,TRACK,33.99942,51.46923,"",""
08/11/2011 13:05:12,0-2121780,TRACK,33.97441,51.44176,"",""
08/11/2011 12:34:27,0-2121780,TRACK,33.97573,51.44121,"",""
08/11/2011 12:24:28,0-2121780,TRACK,33.98873,51.41831,"",""
08/11/2011 12:14:28,0-2121780,TRACK,33.90574,51.43829,"",""
08/11/2011 12:04:27,0-2121780,TRACK,33.85183,51.54963,"",""
08/11/2011 11:54:27,0-2121780,TRACK,33.76175,51.67039,"",""
08/11/2011 11:44:28,0-2121780,TRACK,33.75005,51.70153,"",""
08/11/2011 11:34:28,0-2121780,TRACK,33.75005,51.70153,"",""
08/11/2011 11:24:28,0-2121780,TRACK,33.75004,51.70155,"",""
08/11/2011 11:14:28,0-2121780,TRACK,33.75004,51.70155,"",""
08/11/2011 11:04:27,0-2121780,TRACK,33.75017,51.70089,"",""
08/11/2011 10:54:27,0-2121780,TRACK,33.66966,51.85289,"",""
08/11/2011 10:44:27,0-2121780,TRACK,33.56309,51.97507,"",""
08/11/2011 10:34:27,0-2121780,TRACK,33.61184,51.9619,"",""
08/11/2011 10:24:28,0-2121780,TRACK,33.6634,51.86264,"",""
08/11/2011 10:14:27,0-2121780,TRACK,33.75157,51.68922,"",""
08/11/2011 10:04:28,0-2121780,TRACK,33.85489,51.53953,"",""
08/11/2011 09:54:28,0-2121780,TRACK,33.93102,51.38469,"",""
08/11/2011 09:44:28,0-2121780,TRACK,34.04541,51.31506,"",""
08/11/2011 09:34:28,0-2121780,TRACK,34.19557,51.25603,"",""
08/11/2011 09:24:28,0-2121780,TRACK,34.35511,51.25418,"",""
08/11/2011 09:14:28,0-2121780,TRACK,34.45269,51.10505,"",""
08/11/2011 09:04:28,0-2121780,TRACK,34.56718,50.98757,"",""
08/11/2011 08:54:28,0-2121780,TRACK,34.68342,50.8935,"",""
08/11/2011 08:44:28,0-2121780,TRACK,34.82122,50.85239,"",""
08/11/2011 08:34:28,0-2121780,TRACK,34.97334,50.85689,"",""
08/11/2011 08:24:28,0-2121780,TRACK,35.08773,50.89771,"",""
08/11/2011 08:14:28,0-2121780,TRACK,35.1141,50.93755,"",""
08/11/2011 08:04:28,0-2121780,TRACK,35.21579,51.08763,"",""
08/11/2011 07:41:51,0-2121780,OK,35.51299,51.30014,"","Making a sightseeing detour south to Yazd"
08/11/2011 07:30:44,0-2121780,TRACK,35.59888,51.38999,"",""
08/09/2011 15:44:01,0-2121780,TRACK,35.72845,51.44056,"",""
08/09/2011 15:34:01,0-2121780,TRACK,35.73527,51.43309,"",""
08/09/2011 15:23:49,0-2121780,TRACK,35.7434,51.4029,"",""
08/09/2011 15:13:48,0-2121780,TRACK,35.72783,51.38119,"",""
08/09/2011 14:53:46,0-2121780,TRACK,35.72437,51.19732,"",""
08/09/2011 14:43:58,0-2121780,TRACK,35.77335,51.0413,"",""
08/09/2011 14:38:22,0-2121780,OK,35.87349,50.89404,"",""
08/09/2011 14:25:24,0-2121780,TRACK,35.91543,50.80198,"",""
08/09/2011 14:17:28,0-2121780,OK,36.05072,50.52114,"","Lots of speed cameras&trappers. We 2slow"
08/09/2011 14:04:25,0-2121780,TRACK,36.08029,50.46188,"",""
08/09/2011 13:54:26,0-2121780,TRACK,36.16754,50.29376,"",""
08/09/2011 13:44:24,0-2121780,TRACK,36.24807,50.12223,"",""
08/09/2011 13:34:24,0-2121780,TRACK,36.32912,49.98696,"",""
08/09/2011 13:24:24,0-2121780,TRACK,36.3138,49.97383,"",""
08/09/2011 13:14:25,0-2121780,TRACK,36.31382,49.97378,"",""
08/09/2011 13:04:25,0-2121780,TRACK,36.3138,49.97378,"",""
08/09/2011 12:54:27,0-2121780,TRACK,36.31385,49.97382,"",""
08/09/2011 12:44:25,0-2121780,TRACK,36.29585,49.95554,"",""
08/09/2011 12:34:23,0-2121780,TRACK,36.26295,49.92977,"",""
08/09/2011 12:24:25,0-2121780,TRACK,36.15767,49.78506,"",""
08/09/2011 12:14:27,0-2121780,TRACK,36.04702,49.64943,"",""
08/09/2011 12:05:07,0-2121780,TRACK,36.04958,49.47931,"",""
08/09/2011 11:54:38,0-2121780,TRACK,36.14168,49.30143,"",""
08/09/2011 11:44:24,0-2121780,TRACK,36.26991,49.1636,"",""
08/09/2011 11:34:24,0-2121780,TRACK,36.36468,49.014,"",""
08/09/2011 11:24:55,0-2121780,TRACK,36.46076,48.8677,"",""
08/09/2011 11:14:26,0-2121780,TRACK,36.57637,48.71441,"",""
08/09/2011 11:04:39,0-2121780,TRACK,36.65372,48.57288,"",""
08/09/2011 10:54:24,0-2121780,TRACK,36.66485,48.42713,"",""
08/09/2011 10:44:25,0-2121780,TRACK,36.74052,48.26131,"",""
08/09/2011 10:34:24,0-2121780,TRACK,36.86329,48.15462,"",""
08/09/2011 10:24:25,0-2121780,TRACK,36.97887,48.04501,"",""
08/09/2011 10:15:03,0-2121780,TRACK,37.03411,47.9841,"",""
08/09/2011 09:58:20,0-2121780,OK,37.11563,47.87468,"","Starting to get really hot as we approach"
08/09/2011 09:52:31,0-2121780,TRACK,37.12926,47.7601,"",""
08/09/2011 09:42:32,0-2121780,TRACK,37.1283,47.55659,"",""
08/09/2011 09:32:31,0-2121780,TRACK,37.16483,47.3876,"",""
08/09/2011 09:22:31,0-2121780,TRACK,37.26117,47.25149,"",""
08/09/2011 09:12:47,0-2121780,TRACK,37.31235,47.08691,"",""
08/09/2011 09:03:06,0-2121780,TRACK,37.42418,46.98838,"",""
08/09/2011 08:48:30,0-2121780,OK,37.62454,46.8504,"","A+ empty toll road to Tehran #mongolrally"
08/09/2011 08:39:00,0-2121780,TRACK,37.76773,46.84635,"",""
08/09/2011 08:29:02,0-2121780,TRACK,37.86021,46.76865,"",""
08/09/2011 08:19:00,0-2121780,TRACK,37.95467,46.64033,"",""
08/09/2011 08:09:02,0-2121780,TRACK,37.98518,46.5436,"",""
08/09/2011 07:59:01,0-2121780,TRACK,38.0323,46.42436,"",""
08/09/2011 07:49:01,0-2121780,TRACK,38.0323,46.42436,"",""
08/09/2011 07:39:01,0-2121780,TRACK,38.0323,46.42436,"",""
08/09/2011 07:29:02,0-2121780,TRACK,38.05873,46.31482,"",""
08/08/2011 15:46:55,0-2121780,TRACK,38.07461,46.28194,"",""
08/08/2011 15:30:15,0-2121780,OK,38.08102,46.28338,"",""
08/08/2011 15:13:15,0-2121780,TRACK,38.10244,46.26562,"",""
08/08/2011 14:56:31,0-2121780,OK,38.20874,46.097,"","Driving in Iran is not for the weak heart"
08/08/2011 13:47:12,0-2121780,OK,38.67623,45.21627,"","IRR is hard to fathom. Lunch 120000!?!"
08/08/2011 13:34:17,0-2121780,TRACK,38.71297,45.21601,"",""
08/08/2011 13:25:09,0-2121780,TRACK,38.71294,45.21593,"",""
08/08/2011 13:14:37,0-2121780,TRACK,38.71301,45.21584,"",""
08/08/2011 13:04:58,0-2121780,TRACK,38.71296,45.21593,"",""
08/08/2011 12:54:36,0-2121780,TRACK,38.71293,45.21597,"",""
08/08/2011 12:44:08,0-2121780,TRACK,38.71299,45.21621,"",""
08/08/2011 12:34:09,0-2121780,TRACK,38.84011,45.23747,"",""
08/08/2011 12:24:08,0-2121780,TRACK,38.86914,45.10686,"",""
08/08/2011 12:15:21,0-2121780,TRACK,38.90953,45.05004,"",""
08/08/2011 12:04:09,0-2121780,TRACK,38.99179,45.00502,"",""
08/08/2011 11:54:09,0-2121780,TRACK,39.10573,44.95103,"",""
08/08/2011 11:44:07,0-2121780,TRACK,39.15247,44.95041,"",""
08/08/2011 11:34:09,0-2121780,TRACK,39.21439,44.89587,"",""
08/08/2011 11:24:36,0-2121780,TRACK,39.28536,44.81898,"",""
08/08/2011 07:44:42,0-2121780,TRACK,39.41564,44.37223,"",""
08/08/2011 07:34:42,0-2121780,TRACK,39.45663,44.27754,"",""
08/08/2011 07:24:41,0-2121780,TRACK,39.555,44.18987,"",""
08/08/2011 07:14:41,0-2121780,TRACK,39.54873,44.08224,"",""
08/08/2011 07:04:42,0-2121780,TRACK,39.54802,44.08168,"",""
08/07/2011 14:20:42,0-2121780,TRACK,39.54724,44.06812,"",""
08/07/2011 14:11:13,0-2121780,TRACK,39.55279,44.06059,"",""
08/07/2011 14:00:32,0-2121780,TRACK,39.54229,43.97319,"",""
08/07/2011 13:50:53,0-2121780,TRACK,39.5868,43.78193,"",""
08/07/2011 13:40:49,0-2121780,TRACK,39.60301,43.67847,"",""
08/07/2011 13:30:42,0-2121780,TRACK,39.59524,43.63293,"",""
08/07/2011 13:21:00,0-2121780,TRACK,39.6283,43.44329,"",""
08/07/2011 13:10:57,0-2121780,TRACK,39.67709,43.27487,"",""
08/07/2011 13:00:39,0-2121780,TRACK,39.71233,43.0919,"",""
08/07/2011 12:50:39,0-2121780,TRACK,39.73937,42.955,"",""
08/07/2011 12:40:38,0-2121780,TRACK,39.77621,42.76729,"",""
08/07/2011 12:30:35,0-2121780,TRACK,39.79736,42.57943,"",""
08/07/2011 12:20:41,0-2121780,TRACK,39.82497,42.443,"",""
08/07/2011 12:10:41,0-2121780,TRACK,39.88544,42.35751,"",""
08/07/2011 12:00:59,0-2121780,TRACK,39.96351,42.28312,"",""
08/07/2011 11:50:45,0-2121780,TRACK,40.03205,42.19772,"",""
08/07/2011 11:42:20,0-2121780,TRACK,40.03067,42.06699,"",""
08/07/2011 11:30:33,0-2121780,TRACK,39.96651,41.84083,"",""
08/07/2011 11:20:32,0-2121780,TRACK,39.97708,41.67003,"",""
08/07/2011 11:10:40,0-2121780,TRACK,39.97971,41.47277,"",""
08/07/2011 11:00:40,0-2121780,TRACK,39.9572,41.34151,"",""
08/07/2011 10:50:48,0-2121780,TRACK,39.96232,41.20792,"",""
08/07/2011 10:40:48,0-2121780,TRACK,39.96236,41.20796,"",""
08/07/2011 10:30:48,0-2121780,TRACK,39.96232,41.20796,"",""
08/07/2011 10:20:48,0-2121780,TRACK,39.96223,41.20787,"",""
08/07/2011 10:10:48,0-2121780,TRACK,39.96833,41.09779,"",""
08/07/2011 10:00:40,0-2121780,TRACK,39.97032,40.9118,"",""
08/07/2011 09:52:13,0-2121780,TRACK,39.94029,40.75653,"",""
08/07/2011 09:42:13,0-2121780,TRACK,39.86725,40.63499,"",""
08/07/2011 09:30:37,0-2121780,TRACK,39.80859,40.53024,"",""
08/07/2011 09:20:49,0-2121780,TRACK,39.77595,40.39308,"",""
08/07/2011 09:10:38,0-2121780,TRACK,39.73481,40.26056,"",""
08/07/2011 09:00:50,0-2121780,TRACK,39.60584,40.18582,"",""
08/07/2011 08:50:36,0-2121780,TRACK,39.55703,40.03798,"",""
08/07/2011 08:40:38,0-2121780,TRACK,39.58772,39.89157,"",""
08/07/2011 08:30:35,0-2121780,TRACK,39.64963,39.74495,"",""
08/07/2011 08:20:31,0-2121780,TRACK,39.71328,39.58473,"",""
08/07/2011 08:10:31,0-2121780,TRACK,39.73778,39.48354,"",""
08/07/2011 08:00:38,0-2121780,TRACK,39.81976,39.35058,"",""
08/07/2011 07:52:08,0-2121780,TRACK,39.85862,39.29091,"",""
08/07/2011 07:40:52,0-2121780,TRACK,39.86716,39.27121,"",""
08/07/2011 07:30:51,0-2121780,TRACK,39.87682,39.13251,"",""
08/07/2011 07:20:56,0-2121780,TRACK,39.88681,39.01498,"",""
08/07/2011 07:10:56,0-2121780,TRACK,39.89883,38.83585,"",""
08/07/2011 07:01:00,0-2121780,TRACK,39.91003,38.77086,"",""
08/07/2011 06:51:22,0-2121780,TRACK,39.91012,38.77082,"",""
08/07/2011 06:40:55,0-2121780,TRACK,39.91,38.7709,"",""
08/07/2011 06:30:30,0-2121780,TRACK,39.91003,38.7709,"",""
08/07/2011 06:20:30,0-2121780,TRACK,39.94776,38.72327,"",""
08/07/2011 06:10:30,0-2121780,TRACK,39.93009,38.59044,"",""
08/07/2011 06:00:29,0-2121780,TRACK,39.89643,38.46365,"",""
08/07/2011 05:51:07,0-2121780,TRACK,39.85411,38.39632,"",""
08/06/2011 17:32:30,0-2121780,TRACK,39.87262,38.16814,"",""
08/06/2011 17:22:52,0-2121780,TRACK,39.87262,38.16814,"",""
08/06/2011 17:12:37,0-2121780,TRACK,39.87263,38.16829,"",""
08/06/2011 17:02:21,0-2121780,TRACK,39.87127,38.13436,"",""
08/06/2011 16:52:23,0-2121780,TRACK,39.87214,38.10709,"",""
08/06/2011 16:42:44,0-2121780,TRACK,39.87215,38.10715,"",""
08/06/2011 16:32:18,0-2121780,TRACK,39.87213,38.10709,"",""
08/06/2011 16:22:47,0-2121780,TRACK,39.89165,38.01808,"",""
08/06/2011 16:14:07,0-2121780,TRACK,39.86201,37.90067,"",""
08/06/2011 16:02:17,0-2121780,TRACK,39.87565,37.6875,"",""
08/06/2011 15:52:30,0-2121780,TRACK,39.86298,37.48986,"",""
08/06/2011 15:42:18,0-2121780,TRACK,39.82813,37.29111,"",""
08/06/2011 15:32:36,0-2121780,TRACK,39.80604,37.1175,"",""
08/06/2011 15:23:01,0-2121780,TRACK,39.7262,37.01367,"",""
08/06/2011 15:14:04,0-2121780,TRACK,39.67126,37.00875,"",""
08/06/2011 15:02:31,0-2121780,TRACK,39.57214,37.00732,"",""
08/06/2011 14:52:31,0-2121780,TRACK,39.5227,36.87548,"",""
08/06/2011 14:42:22,0-2121780,TRACK,39.46476,36.72762,"",""
08/06/2011 14:33:28,0-2121780,TRACK,39.42776,36.55924,"",""
08/06/2011 14:22:20,0-2121780,TRACK,39.35443,36.40176,"",""
08/06/2011 14:12:21,0-2121780,TRACK,39.29367,36.26007,"",""
08/06/2011 14:02:38,0-2121780,TRACK,39.22757,36.12412,"",""
08/06/2011 13:52:41,0-2121780,TRACK,39.1344,36.08886,"",""
08/06/2011 13:42:41,0-2121780,TRACK,39.06616,36.00715,"",""
08/06/2011 13:32:19,0-2121780,TRACK,38.97707,35.90281,"",""
08/06/2011 13:22:19,0-2121780,TRACK,38.91553,35.78165,"",""
08/06/2011 13:12:17,0-2121780,TRACK,38.84808,35.6622,"",""
08/06/2011 13:02:17,0-2121780,TRACK,38.81444,35.62066,"",""
08/06/2011 12:52:19,0-2121780,TRACK,38.79364,35.56763,"",""
08/06/2011 12:42:19,0-2121780,TRACK,38.77689,35.37432,"",""
08/06/2011 12:32:58,0-2121780,TRACK,38.73525,35.28862,"",""
08/06/2011 12:22:18,0-2121780,TRACK,38.69566,35.15537,"",""
08/06/2011 12:12:17,0-2121780,TRACK,38.73877,34.996,"",""
08/06/2011 12:02:55,0-2121780,TRACK,38.70469,34.85481,"",""
08/06/2011 01:35:20,0-2121780,TRACK,38.64185,34.82658,"",""
08/06/2011 01:25:20,0-2121780,TRACK,38.64185,34.82667,"",""
08/06/2011 01:15:36,0-2121780,TRACK,38.64182,34.8266,"",""
08/06/2011 01:05:38,0-2121780,TRACK,38.64186,34.82655,"",""
08/06/2011 00:55:29,0-2121780,TRACK,38.64174,34.82655,"",""
08/06/2011 00:45:29,0-2121780,TRACK,38.64183,34.82655,"",""
08/06/2011 00:35:37,0-2121780,TRACK,38.64177,34.82658,"",""
08/06/2011 00:25:37,0-2121780,TRACK,38.64182,34.82655,"",""
08/06/2011 00:15:39,0-2121780,TRACK,38.6417,34.82664,"",""
08/06/2011 00:05:39,0-2121780,TRACK,38.64174,34.82664,"",""
08/05/2011 23:55:22,0-2121780,TRACK,38.64177,34.82658,"",""
08/05/2011 23:45:31,0-2121780,TRACK,38.64175,34.8266,"",""
08/05/2011 23:35:24,0-2121780,TRACK,38.64174,34.82658,"",""
08/05/2011 23:26:15,0-2121780,TRACK,38.64176,34.8267,"",""
08/05/2011 23:16:15,0-2121780,TRACK,38.64176,34.8267,"",""
08/05/2011 23:06:15,0-2121780,TRACK,38.64185,34.8267,"",""
08/05/2011 22:55:28,0-2121780,TRACK,38.64182,34.82664,"",""
08/05/2011 22:45:36,0-2121780,TRACK,38.64165,34.82658,"",""
08/05/2011 22:35:23,0-2121780,TRACK,38.64196,34.82649,"",""
08/05/2011 22:25:43,0-2121780,TRACK,38.64178,34.82664,"",""
08/05/2011 22:15:28,0-2121780,TRACK,38.64164,34.82666,"",""
08/05/2011 22:05:22,0-2121780,TRACK,38.64174,34.82653,"",""
08/05/2011 21:55:26,0-2121780,TRACK,38.64164,34.82655,"",""
08/05/2011 21:45:21,0-2121780,TRACK,38.64177,34.82658,"",""
08/05/2011 21:35:24,0-2121780,TRACK,38.64183,34.82666,"",""
08/05/2011 21:25:24,0-2121780,TRACK,38.64179,34.82657,"",""
08/05/2011 21:15:24,0-2121780,TRACK,38.64175,34.82657,"",""
08/05/2011 21:05:27,0-2121780,TRACK,38.64178,34.82647,"",""
08/05/2011 20:55:28,0-2121780,TRACK,38.64175,34.82653,"",""
08/05/2011 20:46:51,0-2121780,TRACK,38.64174,34.82658,"",""
08/05/2011 20:35:34,0-2121780,TRACK,38.64186,34.82636,"",""
08/05/2011 20:25:26,0-2121780,TRACK,38.64196,34.82625,"",""
08/05/2011 20:15:30,0-2121780,TRACK,38.64179,34.82651,"",""
08/05/2011 20:05:48,0-2121780,TRACK,38.64173,34.82658,"",""
08/05/2011 19:55:48,0-2121780,TRACK,38.64177,34.82658,"",""
08/05/2011 19:45:29,0-2121780,TRACK,38.64182,34.82658,"",""
08/05/2011 19:36:08,0-2121780,TRACK,38.6418,34.82658,"",""
08/05/2011 19:25:36,0-2121780,TRACK,38.6419,34.82658,"",""
08/05/2011 19:15:36,0-2121780,TRACK,38.64173,34.82662,"",""
08/05/2011 19:05:33,0-2121780,TRACK,38.64167,34.82664,"",""
08/05/2011 18:55:47,0-2121780,TRACK,38.64176,34.8266,"",""
08/05/2011 18:45:35,0-2121780,TRACK,38.64183,34.82655,"",""
08/05/2011 18:35:25,0-2121780,TRACK,38.64175,34.82664,"",""
08/05/2011 18:25:32,0-2121780,TRACK,38.64172,34.82668,"",""
08/05/2011 18:15:28,0-2121780,TRACK,38.64175,34.82662,"",""
08/05/2011 18:05:30,0-2121780,TRACK,38.64183,34.8266,"",""
08/05/2011 17:55:30,0-2121780,TRACK,38.64183,34.8266,"",""
08/05/2011 17:45:30,0-2121780,TRACK,38.64183,34.82662,"",""
08/05/2011 17:35:30,0-2121780,TRACK,38.64183,34.82662,"",""
08/05/2011 17:25:30,0-2121780,TRACK,38.64183,34.82662,"",""
08/05/2011 17:06:01,0-2121780,TRACK,38.64191,34.82674,"",""
08/05/2011 16:56:16,0-2121780,TRACK,38.6418,34.82655,"",""
08/05/2011 16:45:50,0-2121780,TRACK,38.64172,34.8266,"",""
08/05/2011 16:35:49,0-2121780,TRACK,38.64175,34.8266,"",""
08/05/2011 16:25:43,0-2121780,TRACK,38.64178,34.82662,"",""
08/05/2011 16:15:30,0-2121780,TRACK,38.64181,34.82658,"",""
08/05/2011 16:05:29,0-2121780,TRACK,38.64181,34.82658,"",""
08/05/2011 15:55:29,0-2121780,TRACK,38.6425,34.82864,"",""
08/05/2011 15:45:30,0-2121780,TRACK,38.63069,34.76254,"",""
08/05/2011 15:35:41,0-2121780,TRACK,38.67333,34.70396,"",""
08/05/2011 15:26:03,0-2121780,TRACK,38.75224,34.61736,"",""
08/05/2011 15:16:17,0-2121780,TRACK,38.83768,34.55805,"",""
08/05/2011 15:05:18,0-2121780,TRACK,38.9538,34.56599,"",""
08/05/2011 14:55:48,0-2121780,TRACK,39.01622,34.45224,"",""
08/05/2011 14:45:25,0-2121780,TRACK,39.06375,34.3414,"",""
08/05/2011 14:35:38,0-2121780,TRACK,39.11977,34.19572,"",""
08/05/2011 14:25:22,0-2121780,TRACK,39.20439,34.14605,"",""
08/05/2011 14:15:22,0-2121780,TRACK,39.31108,34.08872,"",""
08/05/2011 14:05:37,0-2121780,TRACK,39.42176,33.98003,"",""
08/05/2011 13:55:23,0-2121780,TRACK,39.47603,33.85727,"",""
08/05/2011 13:45:26,0-2121780,TRACK,39.55494,33.74395,"",""
08/05/2011 13:35:20,0-2121780,TRACK,39.66623,33.61351,"",""
08/05/2011 13:25:30,0-2121780,TRACK,39.75945,33.50999,"",""
08/05/2011 13:15:30,0-2121780,TRACK,39.83101,33.47854,"",""
08/05/2011 13:05:25,0-2121780,TRACK,39.92764,33.42884,"",""
08/05/2011 12:55:44,0-2121780,TRACK,39.94749,33.29793,"",""
08/05/2011 12:45:47,0-2121780,TRACK,39.95932,33.18075,"",""
08/05/2011 12:35:29,0-2121780,TRACK,39.94807,33.04531,"",""
08/05/2011 12:25:35,0-2121780,TRACK,39.97204,32.97976,"",""
08/05/2011 12:15:31,0-2121780,TRACK,40.02134,32.82663,"",""
08/05/2011 12:06:19,0-2121780,TRACK,40.02312,32.64561,"",""
08/05/2011 11:56:19,0-2121780,TRACK,40.02312,32.64561,"",""
08/05/2011 11:45:36,0-2121780,TRACK,40.24058,32.50348,"",""
08/05/2011 11:35:48,0-2121780,TRACK,40.24114,32.50166,"",""
08/05/2011 11:25:28,0-2121780,TRACK,40.24118,32.50159,"",""
08/05/2011 11:15:28,0-2121780,TRACK,40.24112,32.50172,"",""
08/05/2011 11:05:24,0-2121780,TRACK,40.24107,32.50179,"",""
08/05/2011 10:55:28,0-2121780,TRACK,40.2411,32.5017,"",""
08/05/2011 10:45:22,0-2121780,TRACK,40.25454,32.48052,"",""
08/05/2011 10:35:21,0-2121780,TRACK,40.3673,32.46417,"",""
08/05/2011 10:25:19,0-2121780,TRACK,40.47604,32.35197,"",""
08/05/2011 10:15:20,0-2121780,TRACK,40.61277,32.26039,"",""
08/05/2011 10:05:19,0-2121780,TRACK,40.68119,32.22176,"",""
08/05/2011 09:55:17,0-2121780,TRACK,40.7648,32.05087,"",""
08/05/2011 09:45:18,0-2121780,TRACK,40.74071,31.84198,"",""
08/05/2011 09:35:19,0-2121780,TRACK,40.76887,31.65558,"",""
08/05/2011 09:26:24,0-2121780,TRACK,40.72076,31.48997,"",""
08/05/2011 08:20:27,0-2121780,TRACK,40.7421,30.65984,"",""
08/05/2011 08:02:39,0-2121780,OK,40.70304,30.21302,"","just did 3k miles #mongolrally"
08/05/2011 08:02:07,0-2121780,TRACK,40.70406,30.19865,"",""
08/05/2011 07:51:09,0-2121780,TRACK,40.78162,29.97703,"",""
08/05/2011 07:41:27,0-2121780,TRACK,40.77039,29.79226,"",""
08/05/2011 07:26:58,0-2121780,OK,40.79241,29.51599,"",""
08/05/2011 07:26:01,0-2121780,TRACK,40.80143,29.50155,"",""
08/04/2011 16:22:31,0-2121780,OK,41.00548,28.97994,"","hello from a Istanbul rooftop via spot"
08/03/2011 19:46:14,0-2121780,TRACK,41.00463,28.97889,"",""
08/03/2011 19:36:12,0-2121780,TRACK,41.00593,28.95337,"",""
08/03/2011 19:26:12,0-2121780,TRACK,41.0515,28.87044,"",""
08/03/2011 19:16:11,0-2121780,TRACK,41.05437,28.72195,"",""
08/03/2011 19:06:11,0-2121780,TRACK,41.1062,28.55709,"",""
08/03/2011 18:56:11,0-2121780,TRACK,41.06662,28.39627,"",""
08/03/2011 18:46:11,0-2121780,TRACK,41.1166,28.25585,"",""
08/03/2011 18:36:10,0-2121780,TRACK,41.12165,28.22892,"",""
08/03/2011 18:26:11,0-2121780,TRACK,41.18168,28.11208,"",""
08/03/2011 18:16:09,0-2121780,TRACK,41.23203,27.8703,"",""
08/03/2011 18:06:10,0-2121780,TRACK,41.34286,27.66033,"",""
08/03/2011 17:57:24,0-2121780,TRACK,41.43134,27.46387,"",""
08/03/2011 17:47:36,0-2121780,TRACK,41.4826,27.24815,"",""
08/03/2011 17:36:16,0-2121780,TRACK,41.54852,27.13469,"",""
08/03/2011 17:26:16,0-2121780,TRACK,41.54869,27.13478,"",""
08/03/2011 17:16:25,0-2121780,TRACK,41.72232,27.21642,"",""
08/03/2011 17:06:13,0-2121780,TRACK,41.72899,27.23275,"",""
08/03/2011 16:56:12,0-2121780,TRACK,41.81201,27.3059,"",""
08/03/2011 16:46:32,0-2121780,TRACK,41.90332,27.36169,"",""
08/03/2011 16:39:37,0-2121780,TRACK,41.96175,27.39582,"",""
08/03/2011 15:57:53,0-2121780,TRACK,41.96816,27.46031,"",""
08/03/2011 15:47:53,0-2121780,TRACK,41.96816,27.46031,"",""
08/03/2011 15:38:31,0-2121780,TRACK,41.96822,27.46043,"",""
08/03/2011 15:28:31,0-2121780,TRACK,41.96822,27.46043,"",""
08/03/2011 15:17:56,0-2121780,TRACK,41.9774,27.51637,"",""
08/03/2011 15:08:07,0-2121780,TRACK,42.00861,27.50238,"",""
08/03/2011 14:58:09,0-2121780,TRACK,42.06279,27.42769,"",""
08/03/2011 14:47:54,0-2121780,TRACK,42.10598,27.42331,"",""
08/03/2011 14:37:54,0-2121780,TRACK,42.10598,27.42331,"",""
08/03/2011 14:27:54,0-2121780,TRACK,42.10598,27.42331,"",""
08/03/2011 14:17:54,0-2121780,TRACK,42.22253,27.45039,"",""
08/03/2011 14:07:55,0-2121780,TRACK,42.26062,27.48554,"",""
08/03/2011 13:57:54,0-2121780,TRACK,42.36092,27.49007,"",""
08/03/2011 13:47:55,0-2121780,TRACK,42.43023,27.48033,"",""
08/03/2011 13:37:55,0-2121780,TRACK,42.43032,27.48033,"",""
08/03/2011 13:27:55,0-2121780,TRACK,42.51487,27.4628,"",""
08/03/2011 13:18:31,0-2121780,TRACK,42.56498,27.53165,"",""
08/02/2011 17:12:43,0-2121780,TRACK,43.21383,27.91502,"",""
08/02/2011 17:03:07,0-2121780,TRACK,43.23329,27.96443,"",""
08/02/2011 16:52:43,0-2121780,TRACK,43.33211,27.97694,"",""
08/02/2011 16:42:43,0-2121780,TRACK,43.3322,27.97703,"",""
08/02/2011 16:33:03,0-2121780,TRACK,43.40405,28.07387,"",""
08/02/2011 16:22:41,0-2121780,TRACK,43.42152,28.211,"",""
08/02/2011 16:12:43,0-2121780,TRACK,43.4469,28.34803,"",""
08/02/2011 16:02:44,0-2121780,TRACK,43.47889,28.45942,"",""
08/02/2011 15:52:43,0-2121780,TRACK,43.53713,28.52231,"",""
08/02/2011 15:42:43,0-2121780,TRACK,43.53722,28.5224,"",""
08/02/2011 15:32:46,0-2121780,TRACK,43.70957,28.54139,"",""
07/29/2011 13:56:23,0-2121780,TRACK,46.55355,30.58787,"",""
07/29/2011 13:06:18,0-2121780,TRACK,47.16624,30.32068,"",""
07/29/2011 12:56:18,0-2121780,TRACK,47.1665,30.32059,"",""
07/29/2011 12:46:18,0-2121780,TRACK,47.16676,30.32059,"",""
07/29/2011 12:07:02,0-2121780,TRACK,48.00564,30.30512,"",""
07/29/2011 11:56:16,0-2121780,TRACK,48.1627,30.30173,"",""
07/29/2011 11:46:16,0-2121780,TRACK,48.16291,30.30164,"",""
07/29/2011 11:36:16,0-2121780,TRACK,48.16312,30.30164,"",""
07/29/2011 11:27:24,0-2121780,TRACK,48.60817,30.23495,"",""
07/29/2011 11:17:24,0-2121780,TRACK,48.60838,30.23495,"",""
07/29/2011 11:06:15,0-2121780,TRACK,48.74688,30.08449,"",""
07/29/2011 10:56:19,0-2121780,TRACK,48.78619,29.94884,"",""
07/29/2011 10:46:19,0-2121780,TRACK,48.78628,29.94867,"",""
07/29/2011 10:36:18,0-2121780,TRACK,48.80587,29.64377,"",""
07/29/2011 10:26:14,0-2121780,TRACK,48.80672,29.47825,"",""
07/29/2011 10:16:14,0-2121780,TRACK,48.80672,29.47808,"",""
07/29/2011 10:06:14,0-2121780,TRACK,48.80672,29.47791,"",""
07/29/2011 09:56:16,0-2121780,TRACK,48.83289,29.219,"",""
07/29/2011 09:46:14,0-2121780,TRACK,48.87196,29.09429,"",""
07/29/2011 09:36:14,0-2121780,TRACK,48.87196,29.09412,"",""
07/29/2011 09:26:16,0-2121780,TRACK,48.95658,28.83971,"",""
07/29/2011 09:16:16,0-2121780,TRACK,48.95658,28.83971,"",""
07/29/2011 09:06:16,0-2121780,TRACK,48.95658,28.83971,"",""
07/29/2011 08:28:50,0-2121780,TRACK,49.28483,28.47547,"",""
07/27/2011 19:49:33,0-2121780,TRACK,49.83183,23.97404,"",""
07/27/2011 19:36:53,0-2121780,TRACK,49.80335,23.80714,"",""
07/27/2011 19:27:49,0-2121780,TRACK,49.78651,23.67571,"",""
07/27/2011 19:06:11,0-2121780,TRACK,49.78518,23.56992,"",""
07/27/2011 17:58:59,0-2121780,TRACK,49.79881,22.9499,"",""
07/27/2011 15:35:54,0-2121780,TRACK,49.78247,22.87366,"",""
07/27/2011 15:25:54,0-2121780,TRACK,49.78247,22.87332,"",""
07/27/2011 15:16:02,0-2121780,TRACK,49.78287,22.79856,"",""
07/27/2011 15:05:55,0-2121780,TRACK,49.78464,22.74975,"",""
07/27/2011 14:56:36,0-2121780,TRACK,49.79675,22.6395,"",""
07/27/2011 14:47:20,0-2121780,TRACK,49.80771,22.52026,"",""
07/27/2011 14:36:05,0-2121780,TRACK,49.82924,22.3711,"",""
07/27/2011 14:25:54,0-2121780,TRACK,49.85242,22.24762,"",""
07/27/2011 14:15:54,0-2121780,TRACK,49.85259,22.24771,"",""
07/27/2011 14:05:54,0-2121780,TRACK,49.96211,22.08937,"",""
07/27/2011 13:55:54,0-2121780,TRACK,49.97077,22.02658,"",""
07/27/2011 13:45:54,0-2121780,TRACK,49.97077,22.02658,"",""
07/27/2011 13:35:54,0-2121780,TRACK,50.03154,21.97607,"",""
07/27/2011 13:25:53,0-2121780,TRACK,50.07163,21.88189,"",""
07/27/2011 13:15:53,0-2121780,TRACK,50.06219,21.70119,"",""
07/27/2011 13:05:52,0-2121780,TRACK,50.06221,21.53288,"",""
07/27/2011 12:55:54,0-2121780,TRACK,50.03297,21.38972,"",""
07/27/2011 12:46:31,0-2121780,TRACK,49.99054,21.26983,"",""
07/26/2011 17:57:54,0-2121780,TRACK,50.05359,19.92871,"",""
07/26/2011 17:47:42,0-2121780,TRACK,50.08829,19.88716,"",""
07/26/2011 17:37:42,0-2121780,TRACK,50.07964,19.76458,"",""
07/26/2011 17:27:42,0-2121780,TRACK,50.07964,19.76424,"",""
07/26/2011 17:17:42,0-2121780,TRACK,50.07964,19.7639,"",""
07/26/2011 17:07:43,0-2121780,TRACK,50.15919,19.22889,"",""
07/26/2011 16:58:26,0-2121780,TRACK,50.22538,19.0843,"",""
07/26/2011 16:47:42,0-2121780,TRACK,50.25762,18.84179,"",""
07/26/2011 16:37:41,0-2121780,TRACK,50.25933,18.65554,"",""
07/26/2011 16:30:06,0-2121780,TRACK,50.19353,18.57305,"",""
07/26/2011 16:19:16,0-2121780,TRACK,50.11244,18.5467,"",""
07/26/2011 16:07:54,0-2121780,TRACK,50.07432,18.5213,"",""
07/26/2011 15:57:43,0-2121780,TRACK,50.00729,18.47448,"",""
07/26/2011 15:47:50,0-2121780,TRACK,49.95933,18.40058,"",""
07/26/2011 15:37:46,0-2121780,TRACK,49.91238,18.33298,"",""
07/26/2011 15:27:42,0-2121780,TRACK,49.90086,18.30584,"",""
07/26/2011 15:17:42,0-2121780,TRACK,49.90086,18.30584,"",""
07/26/2011 15:07:44,0-2121780,TRACK,49.74039,18.05232,"",""
07/26/2011 14:47:41,0-2121780,TRACK,49.55949,17.61823,"",""
07/26/2011 14:37:41,0-2121780,TRACK,49.55932,17.61789,"",""
07/26/2011 14:27:44,0-2121780,TRACK,49.5413,17.17605,"",""
07/26/2011 14:07:42,0-2121780,TRACK,49.30595,17.03063,"",""
07/26/2011 13:57:44,0-2121780,TRACK,49.21027,16.91549,"",""
07/26/2011 13:47:43,0-2121780,TRACK,49.1707,16.69557,"",""
07/26/2011 13:37:46,0-2121780,TRACK,49.18579,16.46196,"",""
07/26/2011 13:27:42,0-2121780,TRACK,49.27178,16.25054,"",""
07/26/2011 13:17:41,0-2121780,TRACK,49.33457,16.06379,"",""
07/26/2011 13:07:39,0-2121780,TRACK,49.37786,15.94756,"",""
07/26/2011 12:57:39,0-2121780,TRACK,49.37786,15.94756,"",""
07/26/2011 12:47:41,0-2121780,TRACK,49.37772,15.94743,"",""
07/26/2011 12:37:53,0-2121780,TRACK,49.37808,15.94788,"",""
07/26/2011 10:04:06,0-2121780,TRACK,49.80977,13.75838,"",""
07/26/2011 09:54:07,0-2121780,TRACK,49.74751,13.55543,"",""
07/26/2011 09:44:05,0-2121780,TRACK,49.68518,13.38369,"",""
07/26/2011 09:34:07,0-2121780,TRACK,49.58027,13.32743,"",""
07/26/2011 09:24:55,0-2121780,TRACK,49.50969,13.29893,"",""

